Titulo,Link
Polícia apreende três toneladas de soja furtadas,https://www.canalrural.com.br/noticias/policia-apreende-tres-toneladas-de-soja-furtadas/
"Brasil já fixou preço de mais de 20 mi t de açúcar da safra 23/24, diz Archer",https://www.moneytimes.com.br/brasil-ja-fixou-preco-de-mais-de-20-mi-t-de-acucar-da-safra-23-24-diz-archer/
"
Boi gordo: negócios seguem estáveis, refletindo a queda de braço entre frigoríficos e pecuaristas ",https://www.portaldbo.com.br/boi-gordo-negocios-seguem-estaveis-refletindo-a-queda-de-braco-entre-frigorificos-e-pecuaristas-2/
Trigo tem alta significativa em Chicago atento a exportações russas e clima nos EUA,https://safras.com.br/trigo-tem-alta-significativa-em-chicago-atento-a-exportacoes-russas-e-clima-nos-eua/
ARP #279 - Assessoria Tributária e Jurídica para o Agronegócio,https://www.noticiasagricolas.com.br/noticias/agronegocio/344874-arp-279-assessoria-tributaria-e-juridica-para-o-agronegocio.html
"
ABCZ inicia tratativas para criação de evento técnico voltado à cadeia do leite ",https://www.portaldbo.com.br/abcz-inicia-tratativas-para-criacao-de-evento-tecnico-voltado-a-cadeia-do-leite/
"
Boi gordo: negócios seguem estáveis, refletindo a queda de braço entre frigoríficos e pecuaristas ",https://www.portaldbo.com.br/boi-gordo-negocios-seguem-estaveis-refletindo-a-queda-de-braco-entre-frigorificos-e-pecuaristas-2/
Trigo tem alta significativa em Chicago atento a exportações russas e clima nos EUA,https://safras.com.br/trigo-tem-alta-significativa-em-chicago-atento-a-exportacoes-russas-e-clima-nos-eua/
Diário Econômico: podcast do Banco Original e Canal Rural – 28/3/2023,https://www.canalrural.com.br/noticias/economia/diario-economico-podcast-do-banco-original-e-canal-rural-28-3-2023/
"
ABCZ inicia tratativas para criação de evento técnico voltado à cadeia do leite ",https://www.portaldbo.com.br/abcz-inicia-tratativas-para-criacao-de-evento-tecnico-voltado-a-cadeia-do-leite/
"
Boi gordo: negócios seguem estáveis, refletindo a queda de braço entre frigoríficos e pecuaristas ",https://www.portaldbo.com.br/boi-gordo-negocios-seguem-estaveis-refletindo-a-queda-de-braco-entre-frigorificos-e-pecuaristas-2/
Trigo tem alta significativa em Chicago atento a exportações russas e clima nos EUA,https://safras.com.br/trigo-tem-alta-significativa-em-chicago-atento-a-exportacoes-russas-e-clima-nos-eua/
"Futuros dos EUA operam mistos; ata do Copom, CEO da Americanas e Rial falam ao Senado e mais assuntos do mercado hoje",https://www.infomoney.com.br/mercados/futuros-dos-eua-operam-mistos-ata-do-copom-ceo-da-americanas-e-rial-falam-ao-senado-e-mais-assuntos-do-mercado-hoje/
Diário Econômico: podcast do Banco Original e Canal Rural – 28/3/2023,https://www.canalrural.com.br/noticias/economia/diario-economico-podcast-do-banco-original-e-canal-rural-28-3-2023/
"
ABCZ inicia tratativas para criação de evento técnico voltado à cadeia do leite ",https://www.portaldbo.com.br/abcz-inicia-tratativas-para-criacao-de-evento-tecnico-voltado-a-cadeia-do-leite/
Soja: Mercado em Chicago espera por novas informações e tem manhã de 3ª feira estável,https://www.noticiasagricolas.com.br/noticias/soja/344879-soja-mercado-em-chicago-espera-por-novas-informacoes-e-tem-manha-de-3-feira-estavel.html
"
Boi gordo: negócios seguem estáveis, refletindo a queda de braço entre frigoríficos e pecuaristas ",https://www.portaldbo.com.br/boi-gordo-negocios-seguem-estaveis-refletindo-a-queda-de-braco-entre-frigorificos-e-pecuaristas-2/
Trigo tem alta significativa em Chicago atento a exportações russas e clima nos EUA,https://safras.com.br/trigo-tem-alta-significativa-em-chicago-atento-a-exportacoes-russas-e-clima-nos-eua/
"Futuros dos EUA operam mistos; ata do Copom, CEO da Americanas e Rial falam ao Senado e mais assuntos do mercado hoje",https://www.infomoney.com.br/mercados/futuros-dos-eua-operam-mistos-ata-do-copom-ceo-da-americanas-e-rial-falam-ao-senado-e-mais-assuntos-do-mercado-hoje/
Diário Econômico: podcast do Banco Original e Canal Rural – 28/3/2023,https://www.canalrural.com.br/noticias/economia/diario-economico-podcast-do-banco-original-e-canal-rural-28-3-2023/
"
ABCZ inicia tratativas para criação de evento técnico voltado à cadeia do leite ",https://www.portaldbo.com.br/abcz-inicia-tratativas-para-criacao-de-evento-tecnico-voltado-a-cadeia-do-leite/
"
Boi gordo: negócios seguem estáveis, refletindo a queda de braço entre frigoríficos e pecuaristas ",https://www.portaldbo.com.br/boi-gordo-negocios-seguem-estaveis-refletindo-a-queda-de-braco-entre-frigorificos-e-pecuaristas-2/
Mercado do açúcar amplia ganhos nesta manhã de 3ª feira nas bolsas de NY e Londres,https://www.noticiasagricolas.com.br/noticias/sucroenergetico/344889-mercado-do-acucar-amplia-ganhos-nesta-manha-de-3-feira-nas-bolsas-de-ny-e-londres.html
Trigo tem alta significativa em Chicago atento a exportações russas e clima nos EUA,https://safras.com.br/trigo-tem-alta-significativa-em-chicago-atento-a-exportacoes-russas-e-clima-nos-eua/
"
ABCZ inicia tratativas para criação de evento técnico voltado à cadeia do leite ",https://www.portaldbo.com.br/abcz-inicia-tratativas-para-criacao-de-evento-tecnico-voltado-a-cadeia-do-leite/
"
Boi gordo: negócios seguem estáveis, refletindo a queda de braço entre frigoríficos e pecuaristas ",https://www.portaldbo.com.br/boi-gordo-negocios-seguem-estaveis-refletindo-a-queda-de-braco-entre-frigorificos-e-pecuaristas-2/
Trigo tem alta significativa em Chicago atento a exportações russas e clima nos EUA,https://safras.com.br/trigo-tem-alta-significativa-em-chicago-atento-a-exportacoes-russas-e-clima-nos-eua/
Etanol/Cepea: Preço do hidratado fica estável em SP,https://www.noticiasagricolas.com.br/noticias/sucroenergetico/344897-etanol-cepea-preco-do-hidratado-fica-estavel-em-sp.html
"
ABCZ inicia tratativas para criação de evento técnico voltado à cadeia do leite ",https://www.portaldbo.com.br/abcz-inicia-tratativas-para-criacao-de-evento-tecnico-voltado-a-cadeia-do-leite/
"
Boi gordo: negócios seguem estáveis, refletindo a queda de braço entre frigoríficos e pecuaristas ",https://www.portaldbo.com.br/boi-gordo-negocios-seguem-estaveis-refletindo-a-queda-de-braco-entre-frigorificos-e-pecuaristas-2/
Trigo tem alta significativa em Chicago atento a exportações russas e clima nos EUA,https://safras.com.br/trigo-tem-alta-significativa-em-chicago-atento-a-exportacoes-russas-e-clima-nos-eua/
"Trigo/Cepea: Com ausência de comprador, preços recuam no Brasil",https://www.noticiasagricolas.com.br/noticias/trigo/344899-trigo-cepea-com-ausencia-de-comprador-precos-recuam-no-brasil.html
"
ABCZ inicia tratativas para criação de evento técnico voltado à cadeia do leite ",https://www.portaldbo.com.br/abcz-inicia-tratativas-para-criacao-de-evento-tecnico-voltado-a-cadeia-do-leite/
"
Boi gordo: negócios seguem estáveis, refletindo a queda de braço entre frigoríficos e pecuaristas ",https://www.portaldbo.com.br/boi-gordo-negocios-seguem-estaveis-refletindo-a-queda-de-braco-entre-frigorificos-e-pecuaristas-2/
Trigo tem alta significativa em Chicago atento a exportações russas e clima nos EUA,https://safras.com.br/trigo-tem-alta-significativa-em-chicago-atento-a-exportacoes-russas-e-clima-nos-eua/
Unidade da BRF em Marau (RS) é autorizada a exportar carne de frango para a China,https://www.noticiasagricolas.com.br/noticias/granjeiros/344906-unidade-da-brf-em-marau-rs-e-autorizada-a-exportar-carne-de-frango-para-a-china.html
"
ABCZ inicia tratativas para criação de evento técnico voltado à cadeia do leite ",https://www.portaldbo.com.br/abcz-inicia-tratativas-para-criacao-de-evento-tecnico-voltado-a-cadeia-do-leite/
"
Boi gordo: negócios seguem estáveis, refletindo a queda de braço entre frigoríficos e pecuaristas ",https://www.portaldbo.com.br/boi-gordo-negocios-seguem-estaveis-refletindo-a-queda-de-braco-entre-frigorificos-e-pecuaristas-2/
Ibrafe: Produtores de feijão saindo do mercado,https://www.noticiasagricolas.com.br/noticias/feijao-e-graos-especiais/344908-ibrafe-produtores-de-feijao-saindo-do-mercado.html
Trigo tem alta significativa em Chicago atento a exportações russas e clima nos EUA,https://safras.com.br/trigo-tem-alta-significativa-em-chicago-atento-a-exportacoes-russas-e-clima-nos-eua/
"
ABCZ inicia tratativas para criação de evento técnico voltado à cadeia do leite ",https://www.portaldbo.com.br/abcz-inicia-tratativas-para-criacao-de-evento-tecnico-voltado-a-cadeia-do-leite/
"
Boi gordo: negócios seguem estáveis, refletindo a queda de braço entre frigoríficos e pecuaristas ",https://www.portaldbo.com.br/boi-gordo-negocios-seguem-estaveis-refletindo-a-queda-de-braco-entre-frigorificos-e-pecuaristas-2/
Ibrafe: Produtores de feijão saindo do mercado,https://www.noticiasagricolas.com.br/noticias/feijao-e-graos-especiais/344908-ibrafe-produtores-de-feijao-saindo-do-mercado.html
"
ABCZ inicia tratativas para criação de evento técnico voltado à cadeia do leite ",https://www.portaldbo.com.br/abcz-inicia-tratativas-para-criacao-de-evento-tecnico-voltado-a-cadeia-do-leite/
Mercado de café no Brasil deve ter lentidão nos negócios,https://safras.com.br/mercado-de-cafe-no-brasil-deve-ter-lentidao-nos-negocios/
Terça-feira começa com futuros do milho levemente negativos nas Bolsas,https://www.noticiasagricolas.com.br/noticias/milho/344915-terca-feira-comeca-com-futuros-do-milho-levemente-negativos-nas-bolsas.html
"
Boi gordo: negócios seguem estáveis, refletindo a queda de braço entre frigoríficos e pecuaristas ",https://www.portaldbo.com.br/boi-gordo-negocios-seguem-estaveis-refletindo-a-queda-de-braco-entre-frigorificos-e-pecuaristas-2/
"
ABCZ inicia tratativas para criação de evento técnico voltado à cadeia do leite ",https://www.portaldbo.com.br/abcz-inicia-tratativas-para-criacao-de-evento-tecnico-voltado-a-cadeia-do-leite/
Mercado de café no Brasil deve ter lentidão nos negócios,https://safras.com.br/mercado-de-cafe-no-brasil-deve-ter-lentidao-nos-negocios/
"
Boi gordo: negócios seguem estáveis, refletindo a queda de braço entre frigoríficos e pecuaristas ",https://www.portaldbo.com.br/boi-gordo-negocios-seguem-estaveis-refletindo-a-queda-de-braco-entre-frigorificos-e-pecuaristas-2/
Brasil e Costa Rica debatem políticas públicas para o etanol,https://www.noticiasagricolas.com.br/noticias/sucroenergetico/344916-brasil-e-costa-rica-debatem-politicas-publicas-para-o-etanol.html
"
ABCZ inicia tratativas para criação de evento técnico voltado à cadeia do leite ",https://www.portaldbo.com.br/abcz-inicia-tratativas-para-criacao-de-evento-tecnico-voltado-a-cadeia-do-leite/
Mercado de café no Brasil deve ter lentidão nos negócios,https://safras.com.br/mercado-de-cafe-no-brasil-deve-ter-lentidao-nos-negocios/
Imea indica aumento do custo do milho no Mato Grosso e redução nos preços do cereal,https://www.noticiasagricolas.com.br/noticias/milho/344918-imea-indica-aumento-do-custo-do-milho-no-mato-grosso-e-reducao-nos-precos-do-cereal.html
"
Boi gordo: negócios seguem estáveis, refletindo a queda de braço entre frigoríficos e pecuaristas ",https://www.portaldbo.com.br/boi-gordo-negocios-seguem-estaveis-refletindo-a-queda-de-braco-entre-frigorificos-e-pecuaristas-2/
"
ABCZ inicia tratativas para criação de evento técnico voltado à cadeia do leite ",https://www.portaldbo.com.br/abcz-inicia-tratativas-para-criacao-de-evento-tecnico-voltado-a-cadeia-do-leite/
Mercado de café no Brasil deve ter lentidão nos negócios,https://safras.com.br/mercado-de-cafe-no-brasil-deve-ter-lentidao-nos-negocios/
Imea indica aumento do custo do milho no Mato Grosso e redução nos preços do cereal,https://www.noticiasagricolas.com.br/noticias/milho/344918-imea-indica-aumento-do-custo-do-milho-no-mato-grosso-e-reducao-nos-precos-do-cereal.html
"
Boi gordo: negócios seguem estáveis, refletindo a queda de braço entre frigoríficos e pecuaristas ",https://www.portaldbo.com.br/boi-gordo-negocios-seguem-estaveis-refletindo-a-queda-de-braco-entre-frigorificos-e-pecuaristas-2/
Rial cita no Senado dificuldades em obter informações de gestão anterior da Americanas (AMER3),https://www.infomoney.com.br/mercados/americanas-amer3-rial-cita-no-senado-dificuldades-em-obter-informacoes-de-gestao-anterior-da-varejista/
"
ABCZ inicia tratativas para criação de evento técnico voltado à cadeia do leite ",https://www.portaldbo.com.br/abcz-inicia-tratativas-para-criacao-de-evento-tecnico-voltado-a-cadeia-do-leite/
Mercado de café no Brasil deve ter lentidão nos negócios,https://safras.com.br/mercado-de-cafe-no-brasil-deve-ter-lentidao-nos-negocios/
"Conab reporta plantio do milho safrinha em 91,1% no Brasil, enquanto colheita de verão está em 41,9%",https://www.noticiasagricolas.com.br/noticias/milho/344920-conab-reporta-plantio-do-milho-safrinha-em-91-1-no-brasil-enquanto-colheita-de-verao-esta-em-41-9.html
"
Boi gordo: negócios seguem estáveis, refletindo a queda de braço entre frigoríficos e pecuaristas ",https://www.portaldbo.com.br/boi-gordo-negocios-seguem-estaveis-refletindo-a-queda-de-braco-entre-frigorificos-e-pecuaristas-2/
Rial cita no Senado dificuldades em obter informações de gestão anterior da Americanas (AMER3),https://www.infomoney.com.br/mercados/americanas-amer3-rial-cita-no-senado-dificuldades-em-obter-informacoes-de-gestao-anterior-da-varejista/
"
ABCZ inicia tratativas para criação de evento técnico voltado à cadeia do leite ",https://www.portaldbo.com.br/abcz-inicia-tratativas-para-criacao-de-evento-tecnico-voltado-a-cadeia-do-leite/
Mercado de café no Brasil deve ter lentidão nos negócios,https://safras.com.br/mercado-de-cafe-no-brasil-deve-ter-lentidao-nos-negocios/
"Para ANEC, Brasil deve embarcar 836,428 mil toneladas de milho em março",https://safras.com.br/para-anec-brasil-deve-embarcar-836428-mil-toneladas-de-milho-em-marco/
"
Boi gordo: negócios seguem estáveis, refletindo a queda de braço entre frigoríficos e pecuaristas ",https://www.portaldbo.com.br/boi-gordo-negocios-seguem-estaveis-refletindo-a-queda-de-braco-entre-frigorificos-e-pecuaristas-2/
"
ABCZ inicia tratativas para criação de evento técnico voltado à cadeia do leite ",https://www.portaldbo.com.br/abcz-inicia-tratativas-para-criacao-de-evento-tecnico-voltado-a-cadeia-do-leite/
Mercado de café no Brasil deve ter lentidão nos negócios,https://safras.com.br/mercado-de-cafe-no-brasil-deve-ter-lentidao-nos-negocios/
"Para ANEC, Brasil deve embarcar 836,428 mil toneladas de milho em março",https://safras.com.br/para-anec-brasil-deve-embarcar-836428-mil-toneladas-de-milho-em-marco/
"
Boi gordo: negócios seguem estáveis, refletindo a queda de braço entre frigoríficos e pecuaristas ",https://www.portaldbo.com.br/boi-gordo-negocios-seguem-estaveis-refletindo-a-queda-de-braco-entre-frigorificos-e-pecuaristas-2/
"Açúcar encerra 3ª feira com altas de quase 2% em NY, acima de 21 cents/lb",https://www.noticiasagricolas.com.br/noticias/sucroenergetico/344993-acucar-encerra-3-feira-com-altas-de-quase-2-em-ny-acima-de-21-cents-lb.html
"
ABCZ inicia tratativas para criação de evento técnico voltado à cadeia do leite ",https://www.portaldbo.com.br/abcz-inicia-tratativas-para-criacao-de-evento-tecnico-voltado-a-cadeia-do-leite/
Mercado de café no Brasil deve ter lentidão nos negócios,https://safras.com.br/mercado-de-cafe-no-brasil-deve-ter-lentidao-nos-negocios/
Commodities agrícolas: Soja e trigo puxam altas no fechamento de terça na CBOT; café e milho recuam,https://www.moneytimes.com.br/commodities-agricolas-soja-e-trigo-puxam-altas-no-fechamento-de-terca-na-cbot-cafe-e-milho-recuam/
"Para ANEC, Brasil deve embarcar 836,428 mil toneladas de milho em março",https://safras.com.br/para-anec-brasil-deve-embarcar-836428-mil-toneladas-de-milho-em-marco/
B3 segue perdendo fôlego e milho cai para a casa dos R$ 81 nesta 3ªfeira,https://www.noticiasagricolas.com.br/noticias/milho/344996-b-3-segue-perdendo-folego-e-milho-cai-para-a-casa-dos-r-81-nesta-3-feira.html
"
Boi gordo: negócios seguem estáveis, refletindo a queda de braço entre frigoríficos e pecuaristas ",https://www.portaldbo.com.br/boi-gordo-negocios-seguem-estaveis-refletindo-a-queda-de-braco-entre-frigorificos-e-pecuaristas-2/
"
ABCZ inicia tratativas para criação de evento técnico voltado à cadeia do leite ",https://www.portaldbo.com.br/abcz-inicia-tratativas-para-criacao-de-evento-tecnico-voltado-a-cadeia-do-leite/
Mercado de café no Brasil deve ter lentidão nos negócios,https://safras.com.br/mercado-de-cafe-no-brasil-deve-ter-lentidao-nos-negocios/
"Anec reduz estimativa de exportação de soja, farelo e trigo, mas eleva para milho",https://www.moneytimes.com.br/anec-reduz-estimativa-de-exportacao-de-soja-farelo-e-trigo-mas-eleva-para-milho/
"Para ANEC, Brasil deve embarcar 836,428 mil toneladas de milho em março",https://safras.com.br/para-anec-brasil-deve-embarcar-836428-mil-toneladas-de-milho-em-marco/
"
Boi gordo: negócios seguem estáveis, refletindo a queda de braço entre frigoríficos e pecuaristas ",https://www.portaldbo.com.br/boi-gordo-negocios-seguem-estaveis-refletindo-a-queda-de-braco-entre-frigorificos-e-pecuaristas-2/
"
ABCZ inicia tratativas para criação de evento técnico voltado à cadeia do leite ",https://www.portaldbo.com.br/abcz-inicia-tratativas-para-criacao-de-evento-tecnico-voltado-a-cadeia-do-leite/
Mercado de café no Brasil deve ter lentidão nos negócios,https://safras.com.br/mercado-de-cafe-no-brasil-deve-ter-lentidao-nos-negocios/
"Anec reduz estimativa de exportação de soja, farelo e trigo, mas eleva para milho",https://www.moneytimes.com.br/anec-reduz-estimativa-de-exportacao-de-soja-farelo-e-trigo-mas-eleva-para-milho/
"Para ANEC, Brasil deve embarcar 836,428 mil toneladas de milho em março",https://safras.com.br/para-anec-brasil-deve-embarcar-836428-mil-toneladas-de-milho-em-marco/
"
Boi gordo: negócios seguem estáveis, refletindo a queda de braço entre frigoríficos e pecuaristas ",https://www.portaldbo.com.br/boi-gordo-negocios-seguem-estaveis-refletindo-a-queda-de-braco-entre-frigorificos-e-pecuaristas-2/
Com mais de 150 expositores Parecis SuperAgro começa hoje (28),https://www.canalrural.com.br/mato-grosso/com-mais-de-150-expositores-parecis-superagro-comeca-hoje-28/
"
ABCZ inicia tratativas para criação de evento técnico voltado à cadeia do leite ",https://www.portaldbo.com.br/abcz-inicia-tratativas-para-criacao-de-evento-tecnico-voltado-a-cadeia-do-leite/
Mercado de café no Brasil deve ter lentidão nos negócios,https://safras.com.br/mercado-de-cafe-no-brasil-deve-ter-lentidao-nos-negocios/
